{
  "num_episodes": 100,
  "avg_team_reward_a": 26.75,
  "avg_team_reward_b": 1.14875,
  "std_team_reward_a": 1.1325000000000003,
  "std_team_reward_b": 1.76375,
  "avg_individual_reward_a": 0.37499999999999994,
  "avg_individual_reward_b": 0.6999999999999997,
  "std_individual_reward_a": 0.47500000000000003,
  "std_individual_reward_b": 0.4,
  "avg_reward_a": 26.75,
  "avg_reward_b": 1.14875,
  "std_reward_a": 1.1325000000000003,
  "std_reward_b": 1.76375,
  "avg_episode_length": 4.5,
  "avg_final_emotion": 0.335,
  "avg_final_trust": 1.0,
  "avg_final_conflict": 0.0,
  "avg_final_calmness_a": 0.8040500000000003,
  "avg_final_calmness_b": 0.7531500000000002,
  "success_rate": 1.0,
  "failure_rate": 0.0,
  "neutral_rate": 0.0,
  "action_distribution_a": {
    "0": 100,
    "7": 50,
    "4": 100
  },
  "action_distribution_b": {
    "6": 150,
    "0": 50
  }
}