{
  "experiment": "D5",
  "personality_a": "agreeable",
  "personality_b": "conscientious",
  "aggregated_metrics": {
    "num_runs": 15,
    "team_reward_a": {
      "mean": 14.270011666666669,
      "std": 12.028278859129804
    },
    "team_reward_b": {
      "mean": -5.368528333333334,
      "std": 15.619386019500112
    },
    "individual_reward_a": {
      "mean": 0.8233333333333335,
      "std": 0.5366149043360197
    },
    "individual_reward_b": {
      "mean": -0.3283333333333333,
      "std": 0.5405912401148292
    },
    "success_rate": {
      "mean": 0.6,
      "std": 0.41633319989322654,
      "min": 0.0,
      "max": 1.0
    },
    "failure_rate": {
      "mean": 0.36666666666666664,
      "std": 0.38586123009300755,
      "min": 0.0,
      "max": 1.0
    },
    "neutral_rate": {
      "mean": 0.03333333333333333,
      "std": 0.12472191289246473,
      "min": 0.0,
      "max": 0.5
    },
    "episode_length": {
      "mean": 7.266666666666667,
      "std": 5.202136313306507,
      "min": 3.5,
      "max": 25.5
    },
    "final_emotion": {
      "mean": 0.012000000000000085,
      "std": 0.3760609436425608,
      "min": -0.6375,
      "max": 0.4525000000000001
    },
    "final_trust": {
      "mean": 0.7961666666666667,
      "std": 0.23168021543114606,
      "min": 0.2800000000000001,
      "max": 1.0
    },
    "final_conflict": {
      "mean": 0.2056666666666666,
      "std": 0.21919876190850668
    },
    "final_calmness_a": {
      "mean": 0.7641633333333332,
      "std": 0.14869227335526064
    },
    "final_calmness_b": {
      "mean": 0.51033,
      "std": 0.1861290589886491
    }
  }
}