{
  "experiment_id": "D5",
  "config": {
    "personality_a": "agreeable",
    "personality_b": "conscientious",
    "irritability_a": 0.3,
    "irritability_b": 0.3
  },
  "num_episodes": 100,
  "avg_reward_a": 23.02411280223082,
  "avg_reward_b": -17.320652289570717,
  "std_reward_a": 19.443400232636797,
  "std_reward_b": 17.8439188530438,
  "avg_episode_length": 21.74,
  "avg_final_emotion": -0.18541769450025167,
  "avg_final_trust": 0.7324866476589924,
  "avg_final_conflict": 0.2926058978461648,
  "avg_final_calmness_a": 0.8866414915861403,
  "avg_final_calmness_b": 0.4463052846967397,
  "success_rate": 0.5,
  "failure_rate": 0.32,
  "stalemate_rate": 0.18,
  "episode_rewards_a": [
    5.0,
    48.662344432834445,
    5.0,
    41.79599433438523,
    5.0,
    31.952962241505922,
    5.0,
    49.78614130464527,
    5.0,
    47.94584662396025,
    5.0,
    53.355489661707196,
    5.0,
    44.023582782182004,
    5.0,
    30.043969989224077,
    5.0,
    49.45446737850563,
    5.0,
    39.64872117240483,
    5.0,
    44.954459464442564,
    5.0,
    28.6155000455895,
    5.0,
    48.64351187098692,
    5.0,
    40.617169662545905,
    5.0,
    48.9617369164,
    5.0,
    49.72999225048213,
    5.0,
    49.11322940634538,
    5.0,
    7.741664174425234,
    5.0,
    50.4259544807069,
    5.0,
    50.25501007746569,
    5.0,
    32.750951356232214,
    5.0,
    37.56194077482837,
    5.0,
    44.58134429622037,
    5.0,
    16.648025887376576,
    5.0,
    50.64407310138407,
    5.0,
    46.821488065250826,
    5.0,
    30.666712234926017,
    5.0,
    42.63940321859413,
    5.0,
    33.483720991621155,
    5.0,
    44.395866785329304,
    5.0,
    52.70758195269542,
    5.0,
    48.47057513096135,
    5.0,
    55.32599907925184,
    5.0,
    15.011734191188703,
    5.0,
    35.297021272826996,
    5.0,
    50.40030986611732,
    5.0,
    45.60807533618877,
    5.0,
    34.03156094859142,
    5.0,
    49.40419164086582,
    5.0,
    49.59309792929595,
    5.0,
    43.06838693937525,
    5.0,
    32.29636771939418,
    5.0,
    40.802936011703345,
    5.0,
    45.61486537818387,
    5.0,
    28.923136210886167,
    5.0,
    26.28415989756944,
    5.0,
    42.96526700449795,
    5.0,
    48.90575590484755,
    5.0,
    36.69585847907709,
    5.0,
    35.08312434705632
  ],
  "episode_rewards_b": [
    0,
    -37.41544218223369,
    0,
    -38.337905298837796,
    0,
    -31.188261944458358,
    0,
    -38.09976558448631,
    0,
    -37.742921732970224,
    0,
    -37.089856186633384,
    0,
    -37.54874705449146,
    0,
    -28.73354717604147,
    0,
    -38.262222934751904,
    0,
    -35.295963762487105,
    0,
    -38.064012526359434,
    0,
    -27.59289885110256,
    0,
    -40.25413733098435,
    0,
    -35.829851310731556,
    0,
    -38.243618707520326,
    0,
    -37.966527596680066,
    0,
    -37.86347280230467,
    0,
    -12.917704070339127,
    0,
    -38.4004201987554,
    0,
    -37.62279192644032,
    0,
    -29.606934512391845,
    0,
    -32.995413746792885,
    0,
    -38.95448973777442,
    0,
    -18.855579893594193,
    0,
    -37.43644721982519,
    0,
    -37.24889686721565,
    0,
    -29.56747161841048,
    0,
    -38.07354819030649,
    0,
    -32.4908548671232,
    0,
    -40.665353782890016,
    0,
    -38.20132067255596,
    0,
    -39.818322955539756,
    0,
    -36.42608799016471,
    0,
    -16.164563188280255,
    0,
    -33.496937902632766,
    0,
    -37.563543981381066,
    0,
    -40.64145896897489,
    0,
    -30.3258669827182,
    0,
    -38.41465739148879,
    0,
    -37.91408904626693,
    0,
    -39.10662974123938,
    0,
    -30.61587332192871,
    0,
    -36.148378324783536,
    0,
    -41.242016923667286,
    0,
    -27.667216179213167,
    0,
    -25.961451436106213,
    0,
    -37.81674222575697,
    0,
    -38.34399685519294,
    0,
    -33.437309992790674,
    0,
    -32.393705261455324
  ],
  "episode_lengths": [
    1,
    50,
    1,
    45,
    1,
    35,
    1,
    50,
    1,
    50,
    1,
    50,
    1,
    45,
    1,
    33,
    1,
    50,
    1,
    41,
    1,
    45,
    1,
    31,
    1,
    49,
    1,
    43,
    1,
    50,
    1,
    50,
    1,
    50,
    1,
    11,
    1,
    50,
    1,
    50,
    1,
    35,
    1,
    39,
    1,
    47,
    1,
    19,
    1,
    50,
    1,
    50,
    1,
    33,
    1,
    45,
    1,
    37,
    1,
    49,
    1,
    50,
    1,
    49,
    1,
    50,
    1,
    17,
    1,
    39,
    1,
    50,
    1,
    49,
    1,
    35,
    1,
    50,
    1,
    50,
    1,
    45,
    1,
    35,
    1,
    43,
    1,
    49,
    1,
    31,
    1,
    29,
    1,
    45,
    1,
    50,
    1,
    39,
    1,
    37
  ],
  "episode_final_emotions": [
    0.24566859207643865,
    0.05314413376503618,
    0.2710108845229727,
    -0.9645488829233688,
    0.24521418569554237,
    -0.9808680026462515,
    0.24786173584204185,
    0.03742633404657991,
    0.2776491507613136,
    -0.06344535202680202,
    0.3019160377211429,
    0.030466352833823485,
    0.2378831216248552,
    -0.957598334304614,
    0.2237645373934134,
    -0.9637751274712978,
    0.25126843941045984,
    -0.036654904023494805,
    0.2044678535579766,
    -0.9930955278336684,
    0.20346493099563023,
    -0.9277113610889518,
    0.3098968273117571,
    -0.9093440437776444,
    0.24517489514244245,
    -0.9130447322942767,
    0.26229041644102896,
    -0.901438479585828,
    0.27420313374609634,
    -0.1445020208883233,
    0.24047211377183547,
    0.0011372590486946055,
    0.272648581261328,
    -0.10009099660395177,
    0.24808871501222013,
    -0.9229607909841843,
    0.2679861044845755,
    0.03099451761743588,
    0.28310402318751887,
    0.08312422452497975,
    0.2746101737170639,
    -0.9139558433483053,
    0.27243446314152586,
    -0.9125008634498243,
    0.20553692008962604,
    -0.9020025517733232,
    0.2716387610984198,
    -1.0,
    0.26069058999676825,
    0.09739279406518564,
    0.2273949703447023,
    -0.5081910688093647,
    0.22475188617607755,
    -0.9396470747662811,
    0.23388902432969338,
    -0.9438673189794515,
    0.23199813365502625,
    -0.9712015607466515,
    0.21887891188500863,
    -0.9680815719182245,
    0.2814474704585054,
    0.005634100138671161,
    0.2722433269801857,
    -0.9620109589767347,
    0.25008514116773656,
    0.027817721895819103,
    0.2532783789455874,
    -0.9291746134077414,
    0.2742013035410174,
    -0.9485302290686162,
    0.20167371285779978,
    0.08751741518498662,
    0.2740210140005717,
    -0.9858648212976552,
    0.2900361584346407,
    -0.9507321602634132,
    0.3077803811737944,
    -0.07095477827504681,
    0.23997787197649717,
    -0.01668967894757073,
    0.2119033294718895,
    -0.9952579262758565,
    0.2716374825000129,
    -0.9537113372459325,
    0.25812780980542777,
    -0.9421428551014641,
    0.24513673009489578,
    -0.9465943840784418,
    0.28642838552167255,
    -0.9264051610442041,
    0.29230139175620595,
    -0.9200576161807608,
    0.27349352688203754,
    -1.0,
    0.24418743481788485,
    -0.5012396484785169,
    0.23108726396488338,
    -0.9443518915552565,
    0.2785138032400991,
    -0.9375998646909307
  ],