{
  "experiment_id": "D3",
  "config": {
    "personality_a": "neurotic",
    "personality_b": "neurotic",
    "irritability_a": 0.5,
    "irritability_b": 0.5
  },
  "num_episodes": 100,
  "avg_reward_a": 25.2696569088735,
  "avg_reward_b": -17.327023927563648,
  "std_reward_a": 22.719097543687162,
  "std_reward_b": 20.04768207220786,
  "avg_episode_length": 25.1,
  "avg_final_emotion": -0.02789980563022247,
  "avg_final_trust": 0.9774424297555945,
  "avg_final_conflict": 0.10533493264198611,
  "avg_final_calmness_a": 0.8864701474897039,
  "avg_final_calmness_b": 0.49044860389963285,
  "success_rate": 0.49,
  "failure_rate": 0.06,
  "stalemate_rate": 0.45,
  "episode_rewards_a": [
    3.5919400352989834,
    48.740176191019415,
    3.6617735847448856,
    48.30803034794762,
    3.675889093434902,
    50.96915358274029,
    3.70652395792941,
    50.889697263363445,
    3.544426831097903,
    51.267953899900206,
    3.659643298886967,
    49.95351866438728,
    3.6501781040801435,
    51.97251095104992,
    3.6427100254363385,
    48.02330087663818,
    3.691368294545982,
    51.0732216838387,
    3.6100870841947463,
    50.33230617652748,
    3.6263834960943475,
    47.7719138530761,
    3.606918804666379,
    47.2154228946934,
    3.5157365125114155,
    51.664298928421296,
    3.6480667121111976,
    49.03349980957455,
    3.436319436390743,
    51.7583722096289,
    3.55183992596819,
    51.16695139283047,
    3.693532595627797,
    48.58984982558679,
    3.601297728882874,
    15.055038079728472,
    3.5495801501356326,
    51.09613460185473,
    3.6211148514373255,
    50.77108946857336,
    3.5776192735883408,
    52.27703141488983,
    3.61353626242245,
    51.11200109982365,
    3.509983634282448,
    48.2480315732571,
    3.524662349201841,
    48.85080620133758,
    3.6805901277083013,
    50.23737565483937,
    -2.531493776374094,
    47.51883724337189,
    3.6340052474927513,
    48.08030653692906,
    3.6204121066561274,
    50.827909086832655,
    3.5125060188560986,
    15.376493239277119,
    3.593285012982804,
    47.457099630695176,
    3.597939841290321,
    48.776600594432914,
    3.6628540582852054,
    50.1765262797999,
    3.731039297198011,
    51.19347349212429,
    3.6585812004855898,
    22.995343648617876,
    3.6067030267954125,
    47.25051491491174,
    3.634984788431159,
    47.457597498657904,
    3.586372432255103,
    51.87620707541076,
    3.684762350003181,
    50.71548826168721,
    3.6295380993290642,
    48.38968571902877,
    3.501990416487791,
    51.35529031381429,
    3.6906479930236173,
    51.4222369892673,
    3.5497341332607486,
    51.149798249903,
    3.579607992692426,
    38.0806825613512,
    3.716069431660678,
    51.31605335733968,
    3.630207886219315,
    48.28187564508338,
    3.7689900480821303,
    47.10846708390086,
    3.655602219167289,
    51.3073847393784,
    3.773336942055762,
    50.960155291870166,
    3.570275948373016,
    15.26811265798526,
    3.62528891191846,
    51.3709003328435
  ],
  "episode_rewards_b": [
    2.679368990180969,
    -37.718712457830605,
    2.4859524752592246,
    -36.615647569801084,
    2.3613391093837786,
    -39.61941001653519,
    2.5287835624080395,
    -39.697080593676894,
    2.070321754203282,
    -40.13893662807617,
    2.383904311829358,
    -39.03271818449385,
    2.5720923948193533,
    -41.09247389856952,
    2.618553711965628,
    -36.86948446618041,
    2.648236760439406,
    -40.11284108975765,
    2.323162070602533,
    -38.931271436073395,
    2.4365111247672955,
    -36.8630861165745,
    2.4786610809068597,
    -36.68001028344385,
    2.0937779999324966,
    -40.70465529331864,
    2.6863161294323743,
    -36.21075518701537,
    2.4922965516306803,
    -40.40137516779625,
    2.689586911397056,
    -39.73102663126141,
    2.498355214283105,
    -36.134010835739986,
    1.8912399343464863,
    -17.383517077754348,
    2.142737911793574,
    -40.24307098787538,
    1.8872239179338628,
    -40.051169391846436,
    2.4566400464818483,
    -41.699029347990795,
    2.397776179496587,
    -39.88959083825165,
    2.5505224147353225,
    -37.210961802841155,
    2.6400371051919342,
    -36.534306485511614,
    2.4238850841427357,
    -37.61920444869479,
    -2.4174094054004405,
    -36.09249907000797,
    2.5742647178502804,
    -35.7009317894517,
    2.057720621104181,
    -39.53141309314666,
    2.147003586008793,
    -17.657504271369923,
    2.1215146942222836,
    -36.92679254637495,
    2.6196826030505274,
    -37.32102665758581,
    1.9307200998808236,
    -39.15510311870545,
    2.5513276254096753,
    -40.11205366233408,
    2.034988371478932,
    -23.82279872561757,
    2.5869850065205005,
    -36.10164565160669,
    2.6534707099881447,
    -35.61888122547208,
    2.576630794573478,
    -40.620600138690264,
    2.5592921805420694,
    -39.83715060689899,
    2.5580419712724294,
    -36.17005273906235,
    2.5408210797229107,
    -40.61884938924421,
    2.4990471094448825,
    -40.651364737587656,
    2.1497220405633994,
    -39.72389488872836,
    2.5869811878472877,
    -35.015768392096014,
    2.4487308517959443,
    -39.965438282061164,
    2.59176342805202,
    -36.887033279451536,
    2.466913035942318,
    -36.02786887174019,
    2.4224092950680296,
    -39.7745450818923,
    2.522730086348607,
    -40.15517698451973,
    2.088252878224554,
    -17.59609249629557,
    2.538269818908949,
    -40.280717955496456
  ],
  "episode_lengths": [
    3,
    50,
    3,
    50,
    3,
    50,
    3,
    50,
    3,
    50,
    3,
    50,
    3,
    50,
    3,
    50,
    3,
    50,
    3,
    50,
    3,
    50,
    3,
    50,
    3,
    50,
    3,
    50,
    3,
    50,
    3,
    50,
    3,
    50,
    3,
    15,
    3,
    50,
    3,
    50,
    3,
    50,
    3,
    50,
    3,
    50,
    3,
    50,
    3,
    50,
    4,
    50,
    3,
    50,
    3,
    50,
    3,
    15,
    3,
    50,
    3,
    50,
    3,
    50,
    3,
    50,
    3,
    23,
    3,
    50,
    3,
    50,
    3,
    50,
    3,
    50,
    3,
    50,
    3,
    50,
    3,
    50,
    3,
    50,
    3,
    41,
    3,
    50,
    3,
    50,
    3,
    50,
    3,
    50,
    3,
    50,
    3,
    15,
    3,
    50
  ],