{
  "experiment_id": "D2",
  "config": {
    "personality_a": "neurotic",
    "personality_b": "agreeable",
    "irritability_a": 0.5,
    "irritability_b": 0.3
  },
  "num_episodes": 100,
  "avg_reward_a": 26.238847055704934,
  "avg_reward_b": -18.584369063654073,
  "std_reward_a": 19.14570931948924,
  "std_reward_b": 16.426614084395137,
  "avg_episode_length": 32.16,
  "avg_final_emotion": -0.17430360190854,
  "avg_final_trust": 0.8401102414389314,
  "avg_final_conflict": 0.21118952958385623,
  "avg_final_calmness_a": 0.9012603574951722,
  "avg_final_calmness_b": 0.37716217425471327,
  "success_rate": 0.3,
  "failure_rate": 0.12,
  "stalemate_rate": 0.58,
  "episode_rewards_a": [
    3.4704099017406635,
    37.177373328018795,
    45.40081445270566,
    37.1344526010922,
    45.53409422638996,
    45.82699307440704,
    48.16477263299094,
    44.07955466291258,
    46.11103584697237,
    37.91078586479953,
    46.0882091066,
    4.029687833772392,
    45.5313491433168,
    37.53288309283743,
    46.52016944134255,
    33.02800496188294,
    45.513343001481715,
    44.683173725180964,
    3.552891509968041,
    37.56376760834779,
    5.964952603284186,
    45.642933162984455,
    47.59460637343386,
    4.124160736510255,
    3.613336439297539,
    5.065663646473808,
    3.638529472567104,
    36.67899090972095,
    3.7084304947603806,
    45.61257942483314,
    45.79843262701014,
    5.99728175001082,
    47.50103868694745,
    37.407135283076634,
    3.628106499148596,
    37.5330903988369,
    45.76490330947373,
    38.505039556654715,
    47.48739439293914,
    5.845868055828462,
    5.456651130493753,
    4.336814498634189,
    3.6182206422008165,
    38.350755756435376,
    3.660699439995864,
    45.259540863621844,
    47.142621870222854,
    37.12945728589895,
    3.573850518699241,
    4.280907135171863,
    3.6112939305569656,
    4.365673370820256,
    3.5496220901586333,
    33.97982405711673,
    3.589944044740263,
    36.94459199253358,
    3.5028914670230176,
    33.086406364998595,
    45.26754914662415,
    37.00607232161302,
    3.620089774017334,
    44.66125052320261,
    3.5042546669804358,
    33.569846015769606,
    3.59895024768677,
    45.50293636929673,
    6.683347054343614,
    45.12291818846857,
    46.06680459089853,
    45.21290387071338,
    43.77786889590038,
    5.736515694025563,
    3.4469040912932973,
    45.16800012416858,
    3.5754503955339354,
    38.08730887681481,
    3.515895021061114,
    3.7210373787828175,
    3.5425858920559903,
    45.13892270387006,
    3.5883616178752162,
    38.228291611080365,
    3.71545049851692,
    45.61819952985873,
    3.665018144111847,
    44.951113166414906,
    46.04368130112469,
    37.288146454946926,
    3.6122622282011534,
    38.036393758841974,
    43.955429864211226,
    3.783407644719261,
    43.75602384701468,
    44.93382509041578,
    5.910432150022713,
    45.42649673119722,
    3.599797296006514,
    37.27149622163899,
    3.5898079475967943,
    3.9776523237003154
  ],
  "episode_rewards_b": [
    2.44447581282295,
    -26.5840147916205,
    -36.9651598097907,
    -26.565150774292462,
    -37.42923826937328,
    -34.35728107711794,
    -38.0916227384619,
    -33.48316135976184,
    -37.531409085984976,
    -26.548902496918387,
    -37.675216731826985,
    -4.627044889189001,
    -37.178716713261274,
    -26.415190323764733,
    -38.26962171586594,
    -21.63787384760624,
    -37.20371723780892,
    -33.330207526909625,
    2.6495315412102523,
    -25.35037125163607,
    -10.773470259382057,
    -34.50047662971588,
    -37.80057585540919,
    -8.439810499829438,
    2.4987771206249083,
    2.900358435772246,
    2.530193933694003,
    -25.590357453478372,
    2.4527310018451205,
    -34.0948682252887,
    -37.60927918972162,
    2.698794130533224,
    -38.085280683935856,
    -26.415885730550198,
    2.539787995330958,
    -26.49010714936998,
    -37.605628003095305,
    -26.581552048991124,
    -37.075151018393505,
    2.5919574507503214,
    -10.851268462814664,
    -4.378871271641906,
    2.5193896891555196,
    -26.778939047124823,
    2.426761883089947,
    -33.854286919067164,
    -38.528175726760196,
    -26.035090446444194,
    2.5421434634233435,
    -5.055395109867111,
    2.7613708983839897,
    -4.5309263538273274,
    2.5407807169693792,
    -22.566913936289094,
    2.6520039952145265,
    -25.206558338068817,
    2.561509628044506,
    -21.5374076252087,
    -35.65341491036904,
    -25.997395424500677,
    2.3524981293499065,
    -34.16224696703781,
    2.539706585655003,
    -22.361583113918133,
    2.484579900072044,
    -34.09093594377349,
    -10.345791474151117,
    -33.49621666537259,
    -37.90118241174662,
    -34.60079382596167,
    -35.63287893569703,
    2.7728183221385017,
    2.4801774813887776,
    -34.27158484744071,
    2.5683301362269284,
    -27.38188437396471,
    2.465396632327497,
    -5.512350396047568,
    2.638758870419885,
    -34.31597690640417,
    2.419180840370646,
    -25.94267784574254,
    2.61406823349809,
    -34.04624127094849,
    2.601379860556845,
    -33.63965772927825,
    -37.851329710324514,
    -26.371040379331006,
    2.521219237082287,
    -27.189003673141674,
    -35.76561225374605,
    -5.4833437415437585,
    -33.82557664498895,
    -34.01439833457127,
    -10.828209834351622,
    -34.05098033920913,
    2.6702451790316992,
    -26.5440580621138,
    2.6409654682491435,
    -4.610256297496891
  ],
  "episode_lengths": [
    3,
    50,
    50,
    50,
    50,
    50,
    50,
    50,
    50,
    50,
    50,
    17,
    50,
    50,
    50,
    50,
    50,
    50,
    3,
    50,
    12,
    50,
    50,
    11,
    3,
    15,
    3,
    50,
    3,
    50,
    50,
    15,
    50,
    50,
    3,
    50,
    50,
    50,
    50,
    15,
    12,
    17,
    3,
    50,
    3,
    50,
    50,
    50,
    3,
    17,
    3,
    17,
    3,
    50,
    3,
    50,
    3,
    50,
    50,
    50,
    3,
    50,
    3,
    50,
    3,
    50,
    12,
    50,
    50,
    50,
    50,
    15,
    3,
    50,
    3,
    50,
    3,
    17,
    3,
    50,
    3,
    50,
    3,
    50,
    3,
    50,
    50,
    50,
    3,
    50,
    50,
    17,
    50,
    50,
    12,
    50,
    3,
    50,
    3,
    17
  ],