{
  "experiment": "D1",
  "personality_a": "neutral",
  "personality_b": "neutral",
  "aggregated_metrics": {
    "num_runs": 15,
    "team_reward_a": {
      "mean": 14.917645,
      "std": 16.97685278399239
    },
    "team_reward_b": {
      "mean": 2.306197500000003,
      "std": 20.78460414891683
    },
    "individual_reward_a": {
      "mean": 0.785,
      "std": 1.302043266050198
    },
    "individual_reward_b": {
      "mean": 0.3899999999999999,
      "std": 1.5681145791469873
    },
    "success_rate": {
      "mean": 0.7,
      "std": 0.39999999999999997,
      "min": 0.0,
      "max": 1.0
    },
    "failure_rate": {
      "mean": 0.16666666666666666,
      "std": 0.23570226039551587,
      "min": 0.0,
      "max": 0.5
    },
    "neutral_rate": {
      "mean": 0.13333333333333333,
      "std": 0.22110831935702668,
      "min": 0.0,
      "max": 0.5
    },
    "episode_length": {
      "mean": 13.766666666666667,
      "std": 8.84659382034816,
      "min": 6.0,
      "max": 30.0
    },
    "final_emotion": {
      "mean": 0.19916666666666677,
      "std": 0.3312195478665003,
      "min": -0.38249999999999984,
      "max": 0.5650000000000002
    },
    "final_trust": {
      "mean": 0.8471666666666666,
      "std": 0.20008928562574813,
      "min": 0.48000000000000015,
      "max": 1.0
    },
    "final_conflict": {
      "mean": 0.12808333333333327,
      "std": 0.17098602931883705
    },
    "final_calmness_a": {
      "mean": 0.7065266666666666,
      "std": 0.2308269264092808
    },
    "final_calmness_b": {
      "mean": 0.552,
      "std": 0.22523584676215877
    }
  }
}