{
  "experiment_id": "D1",
  "config": {
    "personality_a": "neutral",
    "personality_b": "neutral",
    "irritability_a": 0.4,
    "irritability_b": 0.4
  },
  "num_episodes": 100,
  "avg_reward_a": 28.00144902747791,
  "avg_reward_b": -24.252643982911955,
  "std_reward_a": 21.55190705324009,
  "std_reward_b": 13.77461383701038,
  "avg_episode_length": 33.26,
  "avg_final_emotion": -0.6052380643129984,
  "avg_final_trust": 0.5848743904353784,
  "avg_final_conflict": 0.5103052257434124,
  "avg_final_calmness_a": 0.7190275852080371,
  "avg_final_calmness_b": 0.10286719766477334,
  "success_rate": 0.0,
  "failure_rate": 0.38,
  "stalemate_rate": 0.62,
  "episode_rewards_a": [
    46.29216044270488,
    -0.3371462551238522,
    46.65087503623695,
    1.3805042915612862,
    44.78310068149658,
    42.07998887145825,
    43.57204433939796,
    -0.33565648598424946,
    46.000572725022806,
    -0.24150490713057882,
    45.955705301717174,
    1.372688264278987,
    43.460169429669925,
    1.261999144783223,
    45.57973011901322,
    1.2052163587475986,
    41.030556087733586,
    45.98225658532077,
    45.50686194243852,
    -0.3598778085808714,
    46.05924433254708,
    0.9736426330457246,
    43.98574212499545,
    41.321657654089655,
    45.957686627956676,
    1.278637867691258,
    45.909465464126946,
    44.287291726557484,
    43.417827310194305,
    48.67462765402229,
    46.22228811918099,
    1.125678228791077,
    47.48561449491717,
    -0.1664968210449096,
    43.25475331053834,
    1.2413098302610106,
    45.60352480766702,
    45.21185679787376,
    44.74420013981286,
    44.20721931663706,
    44.974418448449526,
    1.131999154679178,
    44.92715545905808,
    -0.2484574876671799,
    45.12358573359551,
    1.247307248735895,
    44.447667127883385,
    -0.1481105375970293,
    46.204601523840665,
    1.3262861933716465,
    44.686894107275336,
    1.0980326743248698,
    44.54021846519973,
    1.0893151385259656,
    45.86888836043613,
    -0.40179553801315726,
    45.307576977228884,
    -0.35870980414067843,
    42.657698710251495,
    1.2144049783727127,
    45.262398862234285,
    -0.18677766355587666,
    43.645003085347895,
    43.281111928222735,
    45.54877400561529,
    1.159310212480244,
    46.73489705254699,
    -0.38172252158666464,
    45.26456973107618,
    43.466667528284454,
    45.536267884960985,
    -1.7101966050328674,
    45.03109125269418,
    -0.3819689493097662,
    44.85734694874219,
    42.70886527364081,
    45.31817028239218,
    -1.5255112160277196,
    43.01469677517501,
    1.1213175364166308,
    42.90411729492864,
    44.38591822897785,
    45.239780555756944,
    46.42251133956698,
    45.026106295918,
    -0.15263553311543165,
    45.30355601892457,
    1.2309281304574464,
    45.400935119314695,
    1.348020551780617,
    44.49377816190211,
    1.1105300169050323,
    45.908465538701385,
    1.2715197627644534,
    45.665728039900586,
    1.274870686702191,
    44.091214692068064,
    1.4187182968167786,
    44.01852377567669,
    -0.3069883489087837
  ],
  "episode_rewards_b": [
    -36.630998650334504,
    -5.4840325924583455,
    -36.517876906272456,
    -7.993496220505303,
    -36.01915006581169,
    -31.150409043729464,
    -34.32037349076696,
    -5.42802587967542,
    -35.5920754472817,
    -5.521703098972379,
    -36.878104628652395,
    -7.8517330284777715,
    -34.38612493451951,
    -7.907084273634471,
    -36.58004881029113,
    -7.933851486202987,
    -31.900505670720797,
    -34.660228517711076,
    -35.826647363856836,
    -5.271033555383362,
    -35.82996581287307,
    -7.736503541715451,
    -35.013282636162415,
    -30.758775178157336,
    -35.48738290424944,
    -7.929671912615339,
    -35.445352648269754,
    -33.11266412293346,
    -34.29929789696922,
    -34.826388189145725,
    -35.78944362378892,
    -7.773833456403863,
    -36.3135434048298,
    -5.49706357224513,
    -33.771812876121324,
    -7.988261873843174,
    -36.241072781732434,
    -34.69954700646952,
    -35.5190685953046,
    -32.71062640595851,
    -35.52237627422944,
    -7.791765064339707,
    -35.78734714316804,
    -5.48024016036077,
    -35.71316947555926,
    -7.965199990531995,
    -34.737104998234955,
    -5.341439519421263,
    -36.12037870611792,
    -7.974800165106866,
    -35.45655534759253,
    -7.886237654417897,
    -35.54753586944808,
    -7.77827609029966,
    -36.70810436111187,
    -5.417627227001473,
    -35.671706593257525,
    -5.429471852642222,
    -33.84005556853379,
    -7.894589783143607,
    -35.80907588733128,
    -5.510016170639288,
    -34.49551972401416,
    -32.32225521383474,
    -36.31074135932243,
    -7.948673570129282,
    -35.73040437596598,
    -5.211612165444469,
    -36.23832807844532,
    -32.13152662799063,
    -36.400630240553234,
    -3.1998047322448278,
    -35.23132142420619,
    -5.418117450267278,
    -35.47572133839661,
    -31.65547938479561,
    -36.32654627808197,
    -3.728643111221436,
    -33.74017408939581,
    -7.752736212996759,
    -33.649034388725156,
    -32.74906525234377,
    -34.96192160930525,
    -34.61695014892488,
    -36.18360360134155,
    -5.467571019798935,
    -35.87443657162193,
    -7.848179740648902,
    -35.846391693911315,
    -7.891037702749837,
    -35.64145416251938,
    -7.840464123713302,
    -35.63279943840884,
    -7.916002152741305,
    -36.74261741667838,
    -7.988312714407538,
    -35.098378963405736,
    -7.951529593279589,
    -34.37365698219804,
    -5.692619629627524
  ],
  "episode_lengths": [
    50,
    7,
    50,
    5,
    50,
    50,
    50,
    7,
    50,
    7,
    50,
    5,
    50,
    5,
    50,
    5,
    50,
    50,
    50,
    7,
    50,
    5,
    50,
    50,
    50,
    5,
    50,
    50,
    50,
    50,
    50,
    5,
    50,
    7,
    50,
    5,
    50,
    50,
    50,
    50,
    50,
    5,
    50,
    7,
    50,
    5,
    50,
    7,
    50,
    5,
    50,
    5,
    50,
    5,
    50,
    7,
    50,
    7,
    50,
    5,
    50,
    7,
    50,
    50,
    50,
    5,
    50,
    7,
    50,
    50,
    50,
    9,
    50,
    7,
    50,
    50,
    50,
    9,
    50,
    5,
    50,
    50,
    50,
    50,
    50,
    7,
    50,
    5,
    50,
    5,
    50,
    5,
    50,
    5,
    50,
    5,
    50,
    5,
    50,
    7
  ],