{
  "experiment_id": "D4",
  "config": {
    "personality_a": "neutral",
    "personality_b": "avoidant",
    "irritability_a": 0.4,
    "irritability_b": 0.3
  },
  "num_episodes": 100,
  "avg_reward_a": 0.6104950451777892,
  "avg_reward_b": -6.382164662550927,
  "std_reward_a": 4.045163989336562,
  "std_reward_b": 3.9565841728940425,
  "avg_episode_length": 8.27,
  "avg_final_emotion": -0.969136683799208,
  "avg_final_trust": 0.31856688911204323,
  "avg_final_conflict": 0.8252848973435825,
  "avg_final_calmness_a": 0.3950554869003862,
  "avg_final_calmness_b": 0.20018138443712677,
  "success_rate": 0.0,
  "failure_rate": 1.0,
  "stalemate_rate": 0.0,
  "episode_rewards_a": [
    -12.248084261565655,
    1.1252440489049462,
    -1.8023650404263416,
    1.0575046572876228,
    4.625028535743674,
    1.1580414803124122,
    -1.769830950833808,
    1.3142575752543995,
    -1.7931342100826653,
    1.187752210039015,
    -1.8009564510684732,
    1.0156102604535848,
    2.661795309435125,
    1.2455044219695746,
    1.107113771247192,
    0.9402076002360042,
    -1.8531216725827,
    1.060584586311728,
    -0.9821010140623168,
    0.9124374898605563,
    -1.971083997651588,
    -1.002246754035851,
    -1.8626061216817291,
    1.1953131381187634,
    -1.8592456116012006,
    1.3465298679408788,
    -1.7371668243168512,
    1.015479378308178,
    -2.3341098572778236,
    1.098813209418982,
    -1.9257553814387864,
    1.0370799538476707,
    -1.8873434864150596,
    1.060788547111847,
    1.055917663903284,
    1.0213027436464677,
    6.221318172582109,
    -1.0794991882532223,
    2.6719851018198266,
    1.1056992065669977,
    6.937676494769228,
    0.9839716183708549,
    -1.8261519008902478,
    1.0369990631957082,
    -1.7923258661173218,
    1.0117508891613178,
    21.96173001819193,
    0.9316053766303671,
    2.8934887837253687,
    1.2007623738451343,
    -1.859502031396523,
    0.9715159499942487,
    -3.3534300119149174,
    0.9553943142017289,
    0.7491024005746652,
    1.228096281788024,
    -1.833115038731692,
    1.1799422330814657,
    19.772682923327533,
    1.2789029499933025,
    4.598043619671985,
    1.1414255450965989,
    -15.666288617083737,
    -1.0972207562565992,
    4.741100883300266,
    1.4638814736999484,
    -1.766226363145142,
    0.8694340060382122,
    3.160516631843999,
    1.1648473666256751,
    -1.9461018670041,
    0.9218854321065137,
    -1.0109010293686496,
    1.1443088397645085,
    -1.3791741651451737,
    0.9149178230553412,
    4.89478278312289,
    0.9563563685786749,
    2.398485350304836,
    0.9836920636431026,
    1.0729449165769163,
    1.1553255671883502,
    -1.8454758629766335,
    1.0840266179094398,
    2.513338590167235,
    1.2064329439248556,
    -1.8772472392446606,
    0.982266596886157,
    -1.8454754711475552,
    -0.9712392225693467,
    2.694564817912946,
    1.1701466113380694,
    -0.4669417661248978,
    1.3438332955359855,
    -3.637216447371322,
    1.2737564570221849,
    -2.4651410806496625,
    1.2416042699442693,
    -1.9389457109704247,
    1.1094263167509228
  ],
  "episode_rewards_b": [
    8.869337366216087,
    -7.742687074013159,
    -5.0,
    -8.11341714718739,
    -8.74224071692288,
    -7.941611845525936,
    -3.76453542215119,
    -7.968384783139434,
    -3.763994712714254,
    -8.097982468095342,
    -5.0,
    -7.998930584503504,
    -7.227507809044106,
    -8.06412783452762,
    -5.091788796323927,
    -7.821080618987563,
    -5.0,
    -7.910906914402329,
    0.873295287427279,
    -7.99257830739413,
    -5.0,
    -5.340744245378161,
    -0.626956450358882,
    -7.670225999579652,
    -5.0,
    -7.88910762571646,
    -5.0,
    -7.992042575077246,
    -0.21462232661872438,
    -8.065127243844923,
    -5.0,
    -7.874682704701556,
    -5.0,
    -7.990893536001795,
    -5.061577167886643,
    -7.7718022688764785,
    -10.025078020917286,
    -5.554091613223699,
    -7.134478120280941,
    -7.871606844191206,
    -11.131077196665581,
    -7.881712261849664,
    -5.0,
    -7.929546732203786,
    -3.765613647672791,
    -7.891729097475631,
    -22.131963460176827,
    -7.861401538114048,
    -7.462589295976173,
    -8.067037887859634,
    -5.0,
    -7.9903443064502016,
    -1.6960974244551914,
    -7.976406294831432,
    -4.744624398775928,
    -7.885116440429194,
    -3.7333226041426633,
    -7.787881240057681,
    -20.23575899889637,
    -7.9475475293887285,
    -8.797809223161966,
    -7.863457716213713,
    13.640122813434271,
    -5.732886704586964,
    -8.94660825541287,
    -7.939401321314117,
    -3.7660200961357395,
    -7.902461285863219,
    -7.991431223622427,
    -7.805675786078263,
    -5.0,
    -8.03229628297748,
    -4.16551032279493,
    -7.8433079737230535,
    -3.8051555122687004,
    -7.912366561567565,
    -7.7172852928351,
    -7.923613683838147,
    -6.842589552461063,
    -8.048938565680647,
    -5.11486255711536,
    -8.006916955469578,
    -5.0,
    -7.929468329322695,
    -6.917842431980084,
    -7.8704520801760225,
    -5.0,
    -7.81538029027062,
    -3.769400358524963,
    -5.632562171810011,
    -7.272009186407536,
    -7.855803832734768,
    -2.6503785691792716,
    -7.922644916648555,
    -1.3428272320549275,
    -8.153404876640831,
    -0.18132137868148313,
    -7.8758247782531505,
    -3.6452952434187935,
    -8.16142903993816
  ],
  "episode_lengths": [
    24,
    5,
    2,
    5,
    13,
    5,
    7,
    5,
    7,
    5,
    2,
    5,
    11,
    5,
    18,
    5,
    2,
    5,
    30,
    5,
    2,
    7,
    17,
    5,
    2,
    5,
    2,
    5,
    17,
    5,
    2,
    5,
    2,
    5,
    18,
    5,
    14,
    7,
    11,
    5,
    16,
    5,
    2,
    5,
    7,
    5,
    31,
    5,
    11,
    5,
    2,
    5,
    14,
    5,
    18,
    5,
    7,
    5,
    29,
    5,
    13,
    5,
    28,
    7,
    13,
    5,
    7,
    5,
    11,
    5,
    2,
    5,
    6,
    5,
    12,
    5,
    17,
    5,
    11,
    5,
    18,
    5,
    2,
    5,
    11,
    5,
    2,
    5,
    7,
    7,
    11,
    5,
    20,
    5,
    14,
    5,
    17,
    5,
    7,
    5
  ],
  "episode_final_emotions": [
    -1.0,
    -0.9748269234654001,
    -0.8758531875605556,
    -1.0,
    -0.9485130413438332,
    -1.0,
    -0.9046928488561872,
    -1.0,
    -0.9338674523817949,
    -1.0,
    -0.9119611340099756,
    -1.0,
    -0.9116038502394188,
    -1.0,
    -1.0,
    -1.0,
    -0.906656367690295,
    -1.0,
    -0.9441912282687239,
    -1.0,
    -0.9458549315552521,
    -0.9893662058755848,
    -0.9317486682184122,
    -0.9589182272023544,
    -0.9282588917030697,
    -0.9447899225730252,
    -0.8782331309347715,
    -1.0,
    -0.9287457603457347,
    -1.0,
    -0.9287340189152176,
    -1.0,
    -0.9236006466071367,
    -1.0,
    -1.0,
    -0.9887913779843753,
    -0.9695972108993165,
    -1.0,
    -0.9090139934835377,
    -1.0,
    -0.9879390077399826,
    -1.0,
    -0.9315053485341411,
    -1.0,
    -0.9498523769047693,
    -1.0,
    -0.9591193296715326,
    -1.0,
    -0.958563472805767,
    -1.0,
    -0.9039778277731239,
    -1.0,
    -1.0,
    -1.0,
    -1.0,
    -0.9692129103238756,
    -0.9409384618912879,
    -0.9671723527348395,
    -0.9167198731797013,
    -0.9940829710703281,
    -1.0,
    -0.9582845357511054,
    -1.0,
    -1.0,
    -0.9696854313993648,
    -0.9231754132176423,
    -0.9443207955693687,
    -1.0,
    -0.9703850936634071,
    -0.9575666078767028,
    -0.9521481885889564,
    -1.0,
    -0.94444623907624,
    -1.0,
    -1.0,
    -1.0,
    -0.9540269155925913,
    -1.0,
    -0.9108443696708524,
    -1.0,
    -1.0,
    -1.0,
    -0.9052144686563572,
    -1.0,
    -0.907171792257214,
    -1.0,
    -0.91473412995943,
    -1.0,
    -0.9426664448152349,
    -1.0,
    -0.9021065784962503,
    -1.0,
    -0.9750391230710475,
    -0.9446125072327567,
    -1.0,
    -1.0,
    -1.0,
    -0.9722384123671406,
    -0.9480983799158376,
    -1.0
  ],